player_id,w,l,era,starts,sv,ip,hits,bb,so,hr,deck,team
1002,27,13,1.88,39,2,353,291,69,192,5,Hall Of Fame,Philadelphia Phillies
1015,18,7,2.05,24,3,218,185,47,125,2,Hall Of Fame,Philadelphia Athletics
1017,16,11,2.79,33,0,255,219,66,193,17,Hall Of Fame,Minnesota Twins
1025,24,6,2.75,28,2,265,250,53,89,7,Hall Of Fame,Homestead Grays
1026,23,9,1.65,29,6,278,217,53,128,2,Hall Of Fame,Chicago Cubs
1028,17,11,2.64,37,1,283,238,63,224,24,Hall Of Fame,Detroit Tigers
1033,20,10,2.49,35,0,272,221,81,233,18,Hall Of Fame,Philadelphia Phillies
1038,23,12,2.37,36,0,312,273,67,148,3,Hall Of Fame,New York Yankees
1040,37,18,2.62,56,1,495,153,129,223,16,Hall Of Fame,Boston Braves
1048,20,9,3.18,28,5,259,250,44,97,18,Hall Of Fame,Kansas City Monarchs
1049,21,12,2.5,35,2,287,265,71,97,5,Hall Of Fame,Cleveland Indians
1052,11,11,2.79,22,0,186,217,14,19,1,Hall Of Fame,Hartford Dark Blues
1057,17,7,2.78,28,3,228,185,67,128,10,Hall Of Fame,Newark Eagles
1058,20,11,2.95,29,4,258,249,59,159,13,Hall Of Fame,St. Louis Cardinals
1061,13,10,2.92,19,2,180,162,41,90,9,Hall Of Fame,Cuban Stars
1065,19,13,2.59,37,1,284,240,65,211,21,Hall Of Fame,Los Angeles Dodgers
1067,10,4,2.14,13,26,141,118,36,108,13,Hall Of Fame,Oakland Athletics
1070,20,13,2.62,33,2,284,264,81,118,6,Hall Of Fame,Chicago White Sox
1071,23,12,2.89,37,2,309,251,135,227,16,Hall Of Fame,Cleveland Indians
1073,7,7,2.3,0,28,101,84,27,83,5,Hall Of Fame,Oakland Athletics
1076,19,6,2.6,33,1,244,202,81,160,17,Hall Of Fame,New York Yankees
1077,22,10,2.3,31,4,282,231,75,153,12,Hall Of Fame,Chicago American Giants
1078,13,8,2.67,23,0,202,171,60,92,3,Hall Of Fame,Chicago American Giants
1082,33,23,2.54,56,0,497,511,56,159,9,Hall Of Fame,Buffalo Bisons
1085,19,11,2.38,32,0,271,211,80,228,14,Hall Of Fame,St. Louis Cardinals
1087,19,8,2.9,34,0,235,209,75,147,17,Hall Of Fame,Atlanta Braves
1088,18,10,2.88,30,1,246,216,93,148,12,Hall Of Fame,New York Yankees
1091,7,6,1.79,0,27,104,70,39,101,5,Hall Of Fame,New York Yankees
1093,21,11,2.92,33,1,289,283,79,109,8,Hall Of Fame,Brooklyn Dodgers
1094,22,8,2.55,30,5,262,238,70,166,10,Hall Of Fame,Philadelphia Athletics
1097,17,10,3.09,29,1,237,240,62,74,10,Hall Of Fame,St. Louis Cardinals
1106,19,9,3.19,28,3,246,247,63,85,9,Hall Of Fame,New York Yankees
1107,21,10,2.54,33,4,289,265,50,143,16,Hall Of Fame,New York Giants
1108,20,12,2.8,37,0,290,234,71,169,26,Hall Of Fame,Oakland Athletics
1112,21,13,2.95,38,0,300,260,56,228,28,Hall Of Fame,Chicago Cubs
1115,27,13,1.42,36,2,344,253,63,228,3,Hall Of Fame,Washington Senators
1116,20,11,1.74,31,1,279,224,39,109,2,Hall Of Fame,Cleveland Indians
1118,36,17,2.42,55,0,474,387,104,275,7,Hall Of Fame,New York Giants
1127,20,9,2.36,34,1,258,186,73,273,19,Hall Of Fame,Los Angeles Dodgers
1131,22,12,3.04,35,2,282,243,115,127,18,Hall Of Fame,Cleveland Indians
1136,17,10,2.91,26,1,226,221,57,58,10,Hall Of Fame,Chicago White Sox
1138,19,7,2.2,32,0,240,193,40,186,11,Hall Of Fame,Atlanta Braves
1142,23,9,2.38,37,0,300,248,50,214,24,Hall Of Fame,San Francisco Giants
1143,19,10,2.62,31,2,250,228,60,138,7,Hall Of Fame,New York Giants
1145,29,11,1.76,39,3,337,281,56,195,5,Hall Of Fame,New York Giants
1150,25,12,2.41,37,2,338,305,82,111,4,Hall Of Fame,New York Giants
1153,15,6,2.81,19,3,196,172,40,103,4,Hall Of Fame,Cuban Stars
1159,21,12,2.51,33,2,279,236,106,177,9,Hall Of Fame,Detroit Tigers
1160,31,14,2.82,44,2,402,389,97,147,13,Hall Of Fame,Boston Braves
1161,17,13,2.65,35,2,277,239,67,177,19,Hall Of Fame,Atlanta Braves
1164,22,8,2.24,32,3,275,224,47,230,5,Hall Of Fame,Kansas City Monarchs
1165,21,10,2.41,36,0,286,227,87,164,19,Hall Of Fame,Baltimore Orioles
1166,19,9,3.01,29,2,242,252,55,76,8,Hall Of Fame,New York Yankees
1168,20,13,2.5,38,0,299,247,74,206,17,Hall Of Fame,San Francisco Giants
1169,23,11,2.14,35,1,292,248,744,156,2,Hall Of Fame,Philadelphia Athletics
1171,34,16,2.25,50,0,454,412,75,201,8,Hall Of Fame,Providence Grays
1176,20,15,2.71,35,1,288,286,59,91,4,Hall Of Fame,Cincinnati Reds
1178,21,12,2.92,37,2,304,277,57,152,28,Hall Of Fame,Philadelphia Phillies
1182,22,9,2.63,28,3,275,243,70,155,5,Hall Of Fame,Kansas City Monarchs
1184,19,9,3.25,30,0,245,230,83,118,18,Hall Of Fame,New York Yankees
1185,30,22,2.88,52,1,460,401,212,244,8,Hall Of Fame,New York Giants
1186,20,10,2.06,32,1,259,191,90,113,2,Hall Of Fame,New York Yankees
1187,17,14,2.7,35,0,263,177,140,304,14,Hall Of Fame,California Angels
1194,20,9,2.29,35,0,280,214,70,239,19,Hall Of Fame,New York Mets
1199,20,7,1.76,22,2,219,173,30,143,9,Hall Of Fame,Kansas City Monarchs
1202,22,10,2.65,34,2,277,243,72,127,21,Hall Of Fame,Milwaukee Braves
1203,24,6,1.79,31,1,270,280,13,21,3,Hall Of Fame,Chicago White Stockings
1207,6,6,2.28,0,30,100,79,28,83,6,Hall Of Fame,Chicago Cubs
1209,17,10,2.61,34,0,254,205,61,177,17,Hall Of Fame,Los Angeles Dodgers
1217,19,12,2.82,32,0,269,240,70,198,11,Hall Of Fame,Brooklyn Dodgers
1219,21,10,2.02,35,1,304,247,80,254,4,Hall Of Fame,Philadelphia Athletics
1222,24,16,1.71,38,5,361,281,68,220,3,Hall Of Fame,Chicago White Sox
1226,31,19,2.49,52,0,457,416,110,182,10,Hall Of Fame,New York Giants
1230,8,7,1.88,4,13,123,86,35,91,7,Hall Of Fame,Chicago White Sox
1232,21,11,2.3,33,2,290,214,64,194,2,Hall Of Fame,New York Lincoln Giants
1234,24,13,2.31,38,1,325,278,96,138,4,Hall Of Fame,Boston Braves
1238,20,11,2.93,33,1,258,214,102,149,20,Hall Of Fame,Cleveland Indians
1240,31,11,2.28,41,1,377,338,66,148,7,Hall Of Fame,Cleveland Spiders
2004,8,3,2.56,9,15,98,83,29,56,7,1998,St. Louis Cardinals
2005,7,7,4.33,0,1,73,72,41,73,7,1998,Chicago Cubs
2006,4,9,4.24,0,38,74,75,15,57,8,1998,Minnesota Twins
2008,4,6,4.08,0,8,71,75,33,46,10,1998,Florida Marlins
2016,6,14,4.73,25,0,143,130,68,107,18,1998,Tampa Bay Devil Rays
2020,12,13,4.33,32,0,208,221,24,95,39,1998,Arizona Diamondbacks
2022,5,1,3.27,0,0,44,38,31,44,3,1998,Detroit Tigers
2025,14,12,3.56,32,0,202,195,65,152,21,1998,Tampa Bay Devil Rays
2026,17,9,3.34,33,0,227,223,58,151,23,1998,San Diego Padres
2027,2,5,3.26,0,3,47,54,19,43,5,1998,Cleveland Indians
2031,10,7,5.02,23,0,124,128,64,57,14,1998,Boston Red Sox
2038,13,6,5.32,24,0,159,176,60,108,18,1998,Chicago White Sox
2039,1,2,3.09,0,1,44,34,25,32,2,1998,Arizona Diamondbacks
2045,3,5,3.8,13,0,135,141,65,92,12,1998,Montreal Expos
2049,3,4,3.02,0,51,80,86,20,81,11,1998,Chicago Cubs
2051,3,9,5.15,21,0,117,126,63,113,19,1998,Philadelphia Phillies
2052,14,14,4.27,34,0,234,247,73,130,37,1998,Kansas City Royals
2053,4,8,3.23,0,1,61,46,28,57,7,1998,Cincinnati Reds
2061,14,13,3.97,34,0,231,221,74,164,25,1998,Arizona Diamondbacks
2062,5,6,3.82,0,22,68,48,39,87,10,1998,Baltimore Orioles
2066,3,2,4.12,7,0,44,39,20,31,3,1998,Cincinnati Reds
2068,12,9,3.72,27,0,172,183,42,100,20,1998,Houston Astros
2074,5,16,4.98,25,0,175,188,61,92,31,1998,New York Mets
2078,5,2,4.36,1,0,76,75,45,67,10,1998,San Diego Padres
2080,7,11,2.67,18,0,152,121,57,111,13,1998,Los Angeles Dodgers
2082,2,2,3.04,0,1,53,49,24,38,4,1998,Kansas City Royals
2089,4,6,4.44,17,4,134,128,57,98,13,1998,St. Louis Cardinals
2091,2,1,3.23,0,1,31,27,7,11,0,1998,Chicago White Sox
2094,0,5,4.44,0,14,51,40,18,48,12,1998,St. Louis Cardinals
2096,5,2,2.73,0,0,63,47,18,55,2,1998,Detroit Tigers
2097,0,0,3.9,0,0,28,31,7,19,3,1998,San Francisco Giants
2102,18,7,2.38,35,0,257,225,49,257,8,1998,San Diego Padres
2108,15,10,4.11,31,0,204,210,69,132,30,1998,Cleveland Indians
2113,5,2,2.68,8,0,57,45,18,39,6,1998,Philadelphia Phillies
2115,1,2,4.23,0,1,45,49,18,42,7,1998,Texas Rangers
2119,11,16,4.84,33,0,201,222,63,98,30,1998,Oakland Athletics
2122,12,7,4.37,24,0,175,177,61,136,18,1998,Toronto Blue Jays
2123,4,2,4.38,0,1,62,75,31,46,4,1998,Minnesota Twins
2128,6,4,5.11,2,0,100,94,35,64,17,1998,Chicago White Sox
2133,2,2,3.92,0,0,41,39,12,33,7,1998,Atlanta Braves
2136,0,2,4.14,2,0,41,46,11,27,5,1998,Arizona Diamondbacks
2138,3,3,2.51,0,6,65,51,27,71,2,1998,Pittsburgh Pirates
2142,9,14,4.84,33,0,214,236,48,161,23,1998,Chicago Cubs
2146,20,6,2.65,33,0,235,169,88,271,11,1998,Toronto Blue Jays
2150,14,9,3.71,31,0,204,205,79,158,15,1998,Cleveland Indians
2151,20,7,3.55,31,0,208,186,59,209,20,1998,New York Yankees
2153,8,4,2.38,0,1,68,60,27,79,5,1998,New York Mets
2157,13,14,3.31,33,0,220,204,69,157,22,1998,Pittsburgh Pirates
2159,3,2,2.59,0,0,66,58,23,49,6,1998,Boston Red Sox
2161,6,1,3.59,0,0,85,86,35,60,3,1998,Texas Rangers
2163,0,3,4.97,0,8,54,44,29,47,6,1998,St. Louis Cardinals
2168,8,12,2.88,23,0,163,146,51,132,12,1998,Arizona Diamondbacks
2171,0,7,3.68,0,1,71,52,30,74,5,1998,Florida Marlins
2176,3,1,3.03,1,2,74,78,24,27,4,1998,Colorado Rockies
2179,2,6,4.27,0,3,72,56,46,73,10,1998,Anaheim Angels
2185,3,4,3.53,0,19,71,61,25,49,8,1998,Colorado Rockies
2188,8,12,4,26,0,180,171,57,168,12,1998,Los Angeles Dodgers
2196,4,4,3.91,0,0,76,76,37,40,10,1998,Florida Marlins
2198,2,1,3.32,2,2,57,40,20,56,5,1998,Houston Astros
2199,4,8,4.8,23,0,133,157,61,86,14,1998,Milwaukee Brewers
2201,4,2,4.19,0,1,54,56,23,43,7,1998,Arizona Diamondbacks
2203,16,13,4.01,36,0,251,284,69,186,23,1998,Baltimore Orioles
2205,7,3,3.73,10,0,80,72,35,72,5,1998,Toronto Blue Jays
2207,7,12,5.06,25,0,149,150,80,136,14,1998,San Francisco Giants
2213,13,12,3.97,32,0,225,223,66,176,33,1998,Seattle Mariners
2215,2,8,4.3,0,5,59,62,25,43,5,1998,Anaheim Angels
2217,11,9,3.39,34,0,223,210,109,212,20,1998,Anaheim Angels
2221,8,9,4.8,16,0,133,141,59,97,16,1998,Detroit Tigers
2225,3,2,4.13,0,1,65,51,20,57,9,1998,Chicago White Sox
2227,1,4,3.95,0,0,57,56,20,64,4,1998,Milwaukee Brewers
2228,0,8,3.62,0,38,65,66,29,59,4,1998,New York Mets
2230,3,4,4.14,0,0,96,95,36,49,11,1998,St. Louis Cardinals
2236,1,1,3.33,0,1,46,36,27,34,6,1998,Boston Red Sox
2240,13,6,4.33,33,0,212,203,65,151,29,1998,San Francisco Giants
2249,9,6,4.24,0,1,93,94,35,86,9,1998,Philadelphia Phillies
2255,8,6,3.76,23,0,134,135,51,83,13,1998,Cleveland Indians
2258,7,4,2.72,0,46,79,55,25,78,2,1998,Boston Red Sox
2262,2,1,3.32,0,8,81,76,28,44,6,1998,Cincinnati Reds
2265,6,12,5.03,27,0,159,142,85,113,23,1998,Philadelphia Phillies
2268,6,9,5.12,21,0,130,142,48,66,17,1998,Detroit Tigers
2272,3,1,4.24,0,0,57,62,20,36,4,1998,Oakland Athletics
2274,3,1,4.52,0,0,66,66,28,53,10,1998,Minnesota Twins
2279,0,3,5.19,1,0,68,88,19,41,13,1998,Texas Rangers
2280,2,1,3.5,0,0,54,56,24,45,3,1998,Los Angeles Dodgers
2282,10,16,4.35,33,0,211,193,98,168,23,1998,Baltimore Orioles
2286,13,13,4.27,34,0,217,220,106,147,15,1998,San Diego Padres
2288,11,7,3.36,32,0,212,227,81,137,18,1998,Houston Astros
2291,14,7,3.14,32,0,209,176,64,157,24,1998,Cincinnati Reds
2294,8,3,3.14,0,5,97,86,32,73,14,1998,Anaheim Angels
2297,7,14,5.25,33,0,190,227,61,105,27,1998,Minnesota Twins
2299,11,9,5.09,33,0,194,229,88,134,25,1998,Oakland Athletics
2300,20,7,4.41,33,0,216,209,78,164,27,1998,Texas Rangers
2304,8,2,3.04,0,2,71,55,35,59,9,1998,Houston Astros
2305,12,11,5.17,29,0,178,208,69,94,28,1998,Toronto Blue Jays
2306,3,3,5.06,2,2,59,57,38,54,2,1998,Chicago Cubs
2307,3,3,2.74,6,0,43,43,3,27,4,1998,Oakland Athletics
2308,14,11,3.13,30,0,187,163,56,154,21,1998,Montreal Expos
2311,10,12,4.72,33,0,234,265,104,162,37,1998,Florida Marlins
2312,12,4,3.13,21,0,141,113,52,131,11,1998,New York Yankees
2313,2,6,4.04,0,26,71,55,41,55,5,1998,Tampa Bay Devil Rays
2314,6,6,3.57,0,1,58,43,30,41,5,1998,Texas Rangers
2315,11,10,4.41,34,0,202,200,85,126,22,1998,San Francisco Giants
2319,9,6,4.98,19,0,103,123,47,57,6,1998,Anaheim Angels
2321,9,7,3.93,27,1,176,169,48,158,29,1998,San Diego Padres
2323,4,2,1.48,0,53,73,41,21,86,2,1998,San Diego Padres
2327,0,3,3.33,0,2,51,53,14,31,4,1998,New York Yankees
2330,0,3,3.15,0,9,54,37,19,51,7,1998,Chicago White Sox
2333,5,6,3.09,0,0,64,50,47,68,8,1998,Cincinnati Reds
2340,13,9,4.06,28,0,173,148,76,126,27,1998,New York Yankees
2342,1,1,1.55,0,40,64,43,13,55,4,1998,Cleveland Indians
2350,3,3,4.57,10,1,87,108,32,34,9,1998,Baltimore Orioles
2355,10,1,1.28,11,0,84,57,26,116,4,1998,Houston Astros
2356,6,5,3.07,0,0,88,72,38,86,10,1998,San Francisco Giants
2358,9,9,4.05,30,0,195,192,53,115,23,1998,New York Mets
2359,7,8,5.22,20,0,141,153,66,109,12,1998,Colorado Rockies
2362,1,2,3.45,0,1,31,34,6,28,2,1998,Cleveland Indians
2362,3,4,5.17,0,12,54,65,11,43,15,1998,Detroit Tigers
2364,1,4,4.97,0,28,63,58,36,57,7,1998,Milwaukee Brewers
2371,10,11,4.4,33,0,192,219,66,102,21,1998,Baltimore Orioles
2378,6,3,4.2,11,0,79,77,23,53,5,1998,Colorado Rockies
2379,13,17,5.2,35,0,230,257,96,158,28,1998,St. Louis Cardinals
2380,2,0,3.53,0,2,51,50,20,28,5,1998,Montreal Expos
2384,3,6,2.76,0,1,72,62,41,76,4,1998,New York Mets
2400,17,6,2.47,28,0,193,151,71,174,8,1998,Philadelphia Phillies
2401,7,5,3.55,0,23,89,67,47,84,8,1998,Colorado Rockies
2402,6,4,4.4,0,2,76,75,40,55,9,1998,Texas Rangers
2403,0,1,4.5,0,0,58,68,16,19,6,1998,Pittsburgh Pirates
2407,8,14,4.11,28,1,171,182,40,138,23,1998,Atlanta Braves
2409,3,2,2.71,0,30,73,51,24,79,6,1998,Houston Astros
2410,16,8,3.7,33,0,233,229,32,169,34,1998,New York Yankees
2413,3,0,1.67,0,0,38,26,6,20,3,1998,Texas Rangers
2414,6,5,4.52,14,0,92,96,30,53,13,1998,Tampa Bay Devil Rays
2419,7,4,2.6,0,1,80,73,32,62,7,1998,Boston Red Sox
2424,3,9,4.02,10,4,123,126,42,77,5,1998,Montreal Expos
2431,3,4,3.72,0,1,56,50,15,33,3,1998,Houston Astros
2434,4,7,4.88,0,2,52,56,26,39,2,1998,Florida Marlins
2438,3,4,2.96,0,9,55,38,23,63,1,1998,Atlanta Braves
2444,4,6,4.45,5,2,91,109,19,62,8,1998,Pittsburgh Pirates
2447,0,1,4.83,0,0,41,39,34,42,5,1998,Boston Red Sox
2449,19,7,2.89,33,0,234,188,67,251,26,1998,Los Angeles Dodgers
2450,7,3,2.83,15,0,102,76,41,91,8,1998,Oakland Athletics
2455,7,4,4.58,0,1,73,71,29,53,6,1998,Seattle Mariners
2458,1,2,5.01,0,0,23,18,17,25,6,1998,Anaheim Angels
2461,5,3,5.09,14,0,76,96,19,45,11,1998,Colorado Rockies
2462,6,4,2.9,0,2,68,68,24,61,3,1998,New York Mets
2468,5,4,4.1,0,2,68,81,35,55,9,1998,Florida Marlins
2470,11,13,5.21,31,0,174,222,46,88,20,1998,Tampa Bay Devil Rays
2472,7,2,3.11,0,0,84,68,33,77,6,1998,New York Yankees
2474,10,2,3.25,14,1,130,131,30,56,9,1998,St. Louis Cardinals
2476,11,11,5.07,29,0,162,199,53,72,11,1998,San Francisco Giants
2477,5,3,3.52,0,0,31,30,18,28,1,1998,San Diego Padres
2478,10,5,3.22,0,2,73,64,27,70,6,1998,Houston Astros
2481,2,0,3.04,1,1,53,57,20,30,4,1998,Baltimore Orioles
2482,3,4,3.74,0,2,77,55,50,57,8,1998,Atlanta Braves
2484,17,8,4.08,29,0,174,175,56,163,18,1998,Los Angeles Dodgers
2486,8,7,4.57,30,0,181,188,63,117,23,1998,Detroit Tigers
2487,14,13,3.9,33,0,221,220,56,123,30,1998,Oakland Athletics
2488,3,3,5.16,0,0,61,70,26,42,6,1998,Kansas City Royals
2491,2,5,4.98,0,36,56,58,22,54,8,1998,Montreal Expos
2492,2,5,5.02,11,0,61,78,17,35,5,1998,Minnesota Twins
2495,4,2,3.49,17,0,98,108,24,50,13,1998,St. Louis Cardinals
2497,7,5,2.53,17,0,114,101,42,79,8,1998,Seattle Mariners
2499,15,9,3.53,34,0,234,234,42,158,23,1998,Chicago Cubs
2501,6,5,2.89,6,3,112,100,39,72,7,1998,Baltimore Orioles
2503,13,10,3.49,29,0,206,189,41,175,22,1998,Milwaukee Brewers
2505,2,2,2.7,0,1,50,44,22,40,5,1998,Toronto Blue Jays
2506,3,4,4.46,0,28,42,44,19,32,4,1998,Cleveland Indians
2507,15,10,5.22,33,0,210,250,66,120,34,1998,Atlanta Braves
2509,16,11,3.55,31,0,210,196,60,165,25,1998,New York Yankees
2510,5,3,3.79,0,3,40,44,22,35,1,1998,San Francisco Giants
2511,7,7,1.52,0,40,89,59,25,110,4,1998,Houston Astros
2516,3,3,3.77,0,3,60,49,23,44,4,1998,New York Mets
2518,6,12,4.92,28,0,157,130,94,167,19,1998,Florida Marlins
2527,2,7,4.25,13,0,125,128,59,75,14,1998,Anaheim Angels
2529,9,9,4.03,26,0,183,189,91,112,19,1998,Arizona Diamondbacks
2532,3,4,3.01,0,30,69,56,25,55,4,1998,Baltimore Orioles
2538,4,1,3.18,0,7,57,46,28,50,6,1998,San Francisco Giants
2540,4,4,4.99,13,0,88,90,46,75,11,1998,St. Louis Cardinals
2541,5,4,5.09,14,0,84,84,22,60,11,1998,Los Angeles Dodgers
2543,7,1,3.06,0,6,65,50,32,72,8,1998,St. Louis Cardinals
2545,4,0,3.99,0,1,47,42,28,39,5,1998,Florida Marlins
2546,0,1,5.13,0,0,33,42,7,26,5,1998,Los Angeles Dodgers
2551,15,9,3.71,34,0,221,199,97,191,16,1998,Chicago White Sox
2552,7,5,5.1,21,0,113,135,49,77,14,1998,Cincinnati Reds
2553,6,5,3.73,16,0,99,89,32,77,9,1998,Texas Rangers
2555,2,5,4.45,0,2,61,64,19,33,11,1998,Montreal Expos
2556,6,9,4.21,23,0,135,130,43,83,18,1998,Anaheim Angels
2558,2,7,3.64,0,42,67,45,37,87,5,1998,Los Angeles Dodgers
2559,11,14,3.59,34,0,241,244,63,128,21,1998,Philadelphia Phillies
2563,0,2,3.81,0,0,52,40,25,42,3,1998,Pittsburgh Pirates
2565,8,10,3.47,21,1,148,142,55,103,13,1998,St. Louis Cardinals
2566,7,4,4.77,10,0,106,131,36,55,9,1998,New York Yankees
2567,16,11,4.24,32,0,216,226,87,146,20,1998,Kansas City Royals
2571,7,8,5.13,18,1,112,126,43,55,11,1998,Chicago Cubs
2572,1,2,4.09,0,0,44,44,32,31,4,1998,Toronto Blue Jays
2574,4,3,3.78,0,4,50,41,16,55,4,1998,Baltimore Orioles
2577,8,9,5.27,20,1,135,157,42,85,19,1998,Philadelphia Phillies
2578,10,5,4.44,26,0,166,186,32,104,26,1998,Houston Astros
2581,7,7,3.33,0,7,70,58,37,62,6,1998,Milwaukee Brewers
2585,3,4,5.1,11,0,72,86,31,51,8,1998,Toronto Blue Jays
2586,3,4,2.59,0,7,80,88,22,59,5,1998,Los Angeles Dodgers
2587,6,6,2.63,0,13,62,63,20,45,5,1998,Minnesota Twins
2588,12,14,4.3,32,0,214,238,43,146,23,1998,New York Mets
2599,2,1,1.48,0,1,55,30,19,50,4,1998,Cleveland Indians
2601,2,8,4.98,15,0,87,95,21,55,16,1998,Tampa Bay Devil Rays
2603,8,15,4.82,28,0,164,164,87,144,23,1998,Cincinnati Reds
2606,5,1,3.95,0,0,57,55,31,58,9,1998,Milwaukee Brewers
2607,1,1,3.52,0,0,38,35,14,23,2,1998,Boston Red Sox
2608,3,5,4.54,10,0,67,62,47,77,3,1998,Cincinnati Reds
2610,19,8,3.51,35,0,233,257,53,209,25,1998,Houston Astros
2611,7,3,3.82,11,0,68,64,32,40,4,1998,New York Mets
2612,4,4,3.51,0,4,77,65,34,83,8,1998,Baltimore Orioles
2613,0,2,2.91,0,14,65,50,29,64,6,1998,Pittsburgh Pirates
2614,3,4,5.27,0,0,55,52,34,42,7,1998,Toronto Blue Jays
2616,3,0,1.91,0,36,61,48,17,36,3,1998,New York Yankees
2619,1,3,2.13,0,2,38,22,22,42,4,1998,Atlanta Braves
2626,4,0,3.7,0,2,66,69,20,44,7,1998,San Francisco Giants
2627,16,8,3.17,34,0,239,215,67,138,19,1998,Oakland Athletics
2630,4,2,4.88,9,0,48,42,24,34,9,1998,Milwaukee Brewers
2631,8,11,4.69,25,1,175,180,57,135,25,1998,Kansas City Royals
2633,16,9,4.36,33,0,188,193,57,102,27,1998,San Francisco Giants
2634,1,4,3.58,0,1,50,47,28,39,7,1998,Detroit Tigers
2636,15,8,3.96,31,0,175,181,29,100,22,1998,Boston Red Sox
2641,7,9,4.47,29,0,173,178,91,137,18,1998,Florida Marlins
2644,3,1,4.11,0,0,31,33,5,26,5,1998,San Diego Padres
2645,5,6,4.39,19,0,146,151,62,61,18,1998,Tampa Bay Devil Rays
2648,6,15,4.12,31,0,192,191,111,172,15,1998,Tampa Bay Devil Rays
2649,0,1,3.08,0,0,26,24,13,9,4,1998,Houston Astros
2650,15,14,3.25,35,0,269,236,61,300,23,1998,Philadelphia Phillies
2651,11,14,4.07,33,0,214,228,71,158,24,1998,Pittsburgh Pirates
2652,7,6,4.5,15,0,80,82,36,59,10,1998,Houston Astros
2653,4,1,2.75,0,2,36,25,16,50,2,1998,Atlanta Braves
2656,19,11,4.23,33,0,213,239,84,167,14,1998,Texas Rangers
2659,6,4,3.48,0,4,83,70,34,95,7,1998,Kansas City Royals
2662,3,8,2.12,0,48,85,75,19,55,8,1998,Los Angeles Dodgers
2666,5,4,3,0,2,51,44,25,58,6,1998,Cleveland Indians
2670,6,7,4.4,18,0,100,104,30,64,7,1998,Pittsburgh Pirates
2671,4,3,3.57,0,18,71,54,22,56,12,1998,Chicago White Sox
2673,14,15,5.06,33,0,212,255,47,128,30,1998,Chicago White Sox
2675,3,1,3.69,0,0,32,32,8,14,5,1998,Arizona Diamondbacks
2678,3,2,4.78,8,0,43,45,18,36,5,1998,Baltimore Orioles
2679,17,3,2.9,26,0,168,145,44,173,10,1998,Atlanta Braves
2682,7,2,4.8,14,0,86,96,23,52,14,1998,Chicago White Sox
2687,9,4,4.34,20,0,129,130,58,90,14,1998,Anaheim Angels
2688,1,0,4.7,5,0,31,29,4,31,5,1998,San Diego Padres
2692,4,4,3.53,0,1,82,63,20,76,9,1998,Philadelphia Phillies
2695,5,4,4.1,0,0,53,51,30,56,4,1998,Atlanta Braves
2703,1,2,4.74,0,0,38,42,17,31,6,1998,Chicago Cubs
2706,1,2,4.83,3,2,50,58,17,27,6,1998,Toronto Blue Jays
2709,9,9,3.51,23,0,161,146,51,147,20,1998,Texas Rangers
2713,5,5,5.21,0,1,102,98,36,86,14,1998,Cincinnati Reds
2722,5,6,3.59,0,2,90,92,31,63,13,1998,Boston Red Sox
2723,2,2,3.02,0,0,51,37,22,40,6,1998,Pittsburgh Pirates
2724,19,9,4.85,34,0,219,244,62,136,30,1998,Chicago Cubs
2727,5,3,3.8,0,1,85,96,36,52,5,1998,San Francisco Giants
2728,4,9,3.58,0,33,73,71,22,58,7,1998,Oakland Athletics
2730,7,10,3.93,18,0,149,150,46,78,18,1998,Arizona Diamondbacks
2731,3,6,3.86,0,1,91,85,36,59,9,1998,Montreal Expos
2732,7,13,4.79,25,0,148,174,20,60,19,1998,Minnesota Twins
2734,11,15,4.05,34,0,222,227,79,149,20,1998,Detroit Tigers
2736,8,11,4.81,26,0,161,174,49,106,21,1998,Colorado Rockies
2737,4,5,4.7,13,0,67,60,26,32,7,1998,Montreal Expos
2738,3,3,2.95,0,19,79,78,16,60,5,1998,Seattle Mariners
2739,13,12,4.44,34,0,211,198,64,162,22,1998,Cincinnati Reds
2740,15,8,4.46,33,0,208,204,84,149,27,1998,Chicago Cubs
2742,6,5,3.63,1,1,97,90,41,89,16,1998,Minnesota Twins
2744,6,3,1.3,0,34,69,37,33,94,2,1998,Montreal Expos
2745,11,10,3.98,27,0,174,171,66,122,17,1998,Los Angeles Dodgers
2758,3,1,2.83,0,8,76,67,27,74,6,1998,Colorado Rockies
2764,4,3,2.7,0,30,60,46,25,97,6,1998,Houston Astros
2766,17,8,4.58,33,0,216,211,79,146,30,1998,Boston Red Sox
2770,5,4,2.43,1,1,70,50,32,56,6,1998,San Diego Padres
2772,6,4,5.25,8,0,96,111,27,59,14,1998,Boston Red Sox
2773,6,3,4.62,11,0,74,70,27,48,11,1998,Anaheim Angels
2776,6,5,4.91,9,0,110,130,41,94,6,1998,Milwaukee Brewers
2781,18,4,3.49,30,0,214,195,29,163,29,1998,New York Yankees
2782,5,1,2.93,0,4,77,62,33,58,4,1998,New York Mets
2783,1,5,5.26,6,1,63,76,28,46,10,1998,Chicago Cubs
2784,3,1,2.03,0,42,62,47,14,72,6,1998,Texas Rangers
2785,2,1,4.9,0,2,61,61,33,45,3,1998,Kansas City Royals
2787,5,5,4.01,3,9,99,86,27,83,17,1998,Cincinnati Reds
2788,2,6,3.8,3,0,69,66,23,39,8,1998,Tampa Bay Devil Rays
2791,6,9,3.72,0,25,82,79,39,71,5,1998,Milwaukee Brewers
2796,4,2,1.94,1,0,51,39,16,59,1,1998,Pittsburgh Pirates
2797,10,9,4.46,32,0,210,196,81,151,36,1998,Toronto Blue Jays
2805,13,6,3.4,26,0,167,117,85,233,14,1998,Chicago Cubs
2806,7,9,4.96,20,0,138,145,47,85,25,1998,Milwaukee Brewers
2807,10,12,4.18,26,0,166,170,33,135,19,1998,Milwaukee Brewers
2808,2,7,5.24,9,0,103,106,29,82,16,1998,Oakland Athletics
2810,12,10,4.72,32,0,193,207,87,140,22,1998,Cleveland Indians
2811,5,4,3.86,0,1,89,78,41,77,11,1998,Tampa Bay Devil Rays
2812,6,8,3.93,29,0,172,166,53,117,22,1998,New York Mets
1070,11,9,3.83,20,0,162,185,45,45,7,1919,Chicago White Sox
1026,25,6,1.04,32,3,277,198,61,144,1,1906,Chicago Cub